"state","district","market","commodity","variety","arrival_date","min_price","max_price","modal_price","update_date"
"Chattisgarh","Balrampur","Ramanujganj","Millets","Other","31/01/2023","1200","1200","1200","2023-10-11"
"Chattisgarh","Balrampur","Ramanujganj","Millets","Other","28/02/2023","1200","1200","1200","2023-10-11"
"Chattisgarh","Balrampur","Ramanujganj","Millets","Other","29/03/2023","1000","1000","1000","2023-10-11"
"Chattisgarh","Balrampur","Ramanujganj","Millets","Other","31/03/2023","1200","1200","1200","2023-10-11"
"Chattisgarh","Balrampur","Ramanujganj","Millets","Other","28/04/2023","1200","1200","1200","2023-10-11"
"Chattisgarh","Balrampur","Ramanujganj","Millets","Other","29/04/2023","1200","1200","1200","2023-10-11"
"Chattisgarh","Balrampur","Ramanujganj","Millets","Other","31/05/2023","1200","1200","1200","2023-10-11"
"Chattisgarh","Balrampur","Ramanujganj","Millets","Other","30/06/2023","1200","1200","1200","2023-10-11"
"Chattisgarh","Balrampur","Ramanujganj","Millets","Other","31/07/2023","1200","1200","1200","2023-10-11"
"Chattisgarh","Balrampur","Ramanujganj","Millets","Other","22/08/2023","1200","1200","1200","2023-10-11"
"Chattisgarh","Balrampur","Ramanujganj","Millets","Other","31/08/2023","1200","1200","1200","2023-10-11"
"Chattisgarh","Balrampur","Ramanujganj","Millets","Other","30/09/2023","1200","1200","1200","2023-10-11"
"Chattisgarh","Kanker","Sambalpur","Millets","Other","22/01/2023","2000","2000","2000","2023-10-11"
"Chattisgarh","Kanker","Sambalpur","Millets","Other","23/01/2023","2000","2000","2000","2023-10-11"
"Chattisgarh","Narayanpur","Narayanpur","Millets","Other","02/01/2023","3500","3700","3600","2023-10-11"
"Chattisgarh","Narayanpur","Narayanpur","Millets","Other","07/01/2023","3500","3800","3700","2023-10-11"
"Chattisgarh","Narayanpur","Narayanpur","Millets","Other","08/01/2023","3500","3700","3600","2023-10-11"
"Chattisgarh","Narayanpur","Narayanpur","Millets","Other","09/01/2023","3500","3800","3700","2023-10-11"
"Chattisgarh","Narayanpur","Narayanpur","Millets","Other","11/01/2023","3500","3800","3700","2023-10-11"
"Chattisgarh","Narayanpur","Narayanpur","Millets","Other","13/01/2023","3500","3800","3700","2023-10-11"
"Chattisgarh","Narayanpur","Narayanpur","Millets","Other","16/01/2023","3500","3800","3700","2023-10-11"
"Chattisgarh","Narayanpur","Narayanpur","Millets","Other","17/01/2023","3500","3800","3700","2023-10-11"
"Chattisgarh","Narayanpur","Narayanpur","Millets","Other","20/01/2023","3600","3800","3700","2023-10-11"
"Chattisgarh","Narayanpur","Narayanpur","Millets","Other","21/01/2023","3600","3800","3700","2023-10-11"
"Chattisgarh","Narayanpur","Narayanpur","Millets","Other","22/01/2023","3500","3700","3600","2023-10-11"
"Chattisgarh","Narayanpur","Narayanpur","Millets","Other","25/01/2023","3600","3800","3700","2023-10-11"
"Chattisgarh","Narayanpur","Narayanpur","Millets","Other","27/01/2023","3500","3700","3600","2023-10-11"
"Chattisgarh","Narayanpur","Narayanpur","Millets","Other","28/01/2023","3500","3700","3600","2023-10-11"
"Chattisgarh","Narayanpur","Narayanpur","Millets","Other","30/01/2023","3500","3700","3600","2023-10-11"
"Chattisgarh","Narayanpur","Narayanpur","Millets","Other","01/02/2023","2800","3000","2900","2023-10-11"
"Chattisgarh","Narayanpur","Narayanpur","Millets","Other","02/02/2023","2800","3000","2900","2023-10-11"
"Chattisgarh","Narayanpur","Narayanpur","Millets","Other","03/02/2023","2800","3000","2900","2023-10-11"
"Chattisgarh","Narayanpur","Narayanpur","Millets","Other","04/02/2023","2800","3000","2900","2023-10-11"
"Chattisgarh","Narayanpur","Narayanpur","Millets","Other","05/02/2023","3500","3700","3600","2023-10-11"
"Chattisgarh","Narayanpur","Narayanpur","Millets","Other","09/02/2023","3500","3800","3600","2023-10-11"
"Chattisgarh","Narayanpur","Narayanpur","Millets","Other","10/02/2023","3600","3800","3700","2023-10-11"
"Chattisgarh","Narayanpur","Narayanpur","Millets","Other","11/02/2023","3500","3700","3600","2023-10-11"
"Chattisgarh","Narayanpur","Narayanpur","Millets","Other","12/02/2023","3500","3700","3600","2023-10-11"
"Chattisgarh","Narayanpur","Narayanpur","Millets","Other","13/02/2023","3500","3700","3600","2023-10-11"
"Chattisgarh","Narayanpur","Narayanpur","Millets","Other","14/02/2023","3500","3700","3600","2023-10-11"
"Chattisgarh","Narayanpur","Narayanpur","Millets","Other","15/02/2023","3500","3700","3600","2023-10-11"
"Chattisgarh","Narayanpur","Narayanpur","Millets","Other","16/02/2023","3500","3700","3600","2023-10-11"
"Chattisgarh","Narayanpur","Narayanpur","Millets","Other","17/02/2023","3300","3500","3400","2023-10-11"
"Chattisgarh","Narayanpur","Narayanpur","Millets","Other","18/02/2023","3300","3500","3400","2023-10-11"
"Chattisgarh","Narayanpur","Narayanpur","Millets","Other","19/02/2023","3400","3600","3500","2023-10-11"
"Chattisgarh","Narayanpur","Narayanpur","Millets","Other","20/02/2023","3400","3600","3500","2023-10-11"
"Chattisgarh","Narayanpur","Narayanpur","Millets","Other","22/02/2023","3200","3400","3300","2023-10-11"
"Chattisgarh","Narayanpur","Narayanpur","Millets","Other","24/02/2023","3200","3500","3400","2023-10-11"
"Chattisgarh","Narayanpur","Narayanpur","Millets","Other","25/02/2023","3300","3500","3400","2023-10-11"
"Chattisgarh","Narayanpur","Narayanpur","Millets","Other","26/02/2023","3300","3500","3400","2023-10-11"
"Chattisgarh","Narayanpur","Narayanpur","Millets","Other","27/02/2023","2800","3000","2900","2023-10-11"
"Chattisgarh","Narayanpur","Narayanpur","Millets","Other","28/02/2023","2300","2500","2400","2023-10-11"
"Chattisgarh","Narayanpur","Narayanpur","Millets","Other","02/03/2023","3400","3650","3500","2023-10-11"
"Chattisgarh","Narayanpur","Narayanpur","Millets","Other","03/03/2023","3400","3650","3500","2023-10-11"
"Chattisgarh","Narayanpur","Narayanpur","Millets","Other","04/03/2023","3400","3600","3500","2023-10-11"
"Chattisgarh","Narayanpur","Narayanpur","Millets","Other","05/03/2023","3400","3600","3500","2023-10-11"
"Chattisgarh","Narayanpur","Narayanpur","Millets","Other","06/03/2023","3400","3600","3500","2023-10-11"
"Chattisgarh","Narayanpur","Narayanpur","Millets","Other","11/03/2023","3400","3600","3500","2023-10-11"
"Chattisgarh","Narayanpur","Narayanpur","Millets","Other","20/03/2023","2500","3000","2800","2023-10-11"
"Chattisgarh","Narayanpur","Narayanpur","Millets","Other","21/03/2023","3000","3500","3200","2023-10-11"
"Chattisgarh","Narayanpur","Narayanpur","Millets","Other","23/03/2023","2800","3200","3000","2023-10-11"
"Chattisgarh","Narayanpur","Narayanpur","Millets","Other","25/03/2023","2500","3000","2800","2023-10-11"
"Chattisgarh","Narayanpur","Narayanpur","Millets","Other","31/03/2023","3300","3500","3400","2023-10-11"
"Chattisgarh","Narayanpur","Narayanpur","Millets","Other","05/04/2023","3200","3500","3400","2023-10-11"
"Chattisgarh","Narayanpur","Narayanpur","Millets","Other","06/04/2023","3200","3500","3400","2023-10-11"
"Chattisgarh","Narayanpur","Narayanpur","Millets","Other","09/04/2023","3500","3700","3600","2023-10-11"
"Chattisgarh","Narayanpur","Narayanpur","Millets","Other","10/04/2023","3500","3700","3600","2023-10-11"
"Chattisgarh","Narayanpur","Narayanpur","Millets","Other","11/04/2023","3400","3600","3500","2023-10-11"
"Chattisgarh","Narayanpur","Narayanpur","Millets","Other","12/04/2023","3300","3500","3400","2023-10-11"
"Chattisgarh","Narayanpur","Narayanpur","Millets","Other","13/04/2023","3300","3500","3400","2023-10-11"
"Chattisgarh","Narayanpur","Narayanpur","Millets","Other","14/04/2023","3200","3400","3300","2023-10-11"
"Chattisgarh","Narayanpur","Narayanpur","Millets","Other","16/04/2023","3200","3400","3300","2023-10-11"
"Chattisgarh","Narayanpur","Narayanpur","Millets","Other","17/04/2023","3300","3500","3400","2023-10-11"
"Chattisgarh","Narayanpur","Narayanpur","Millets","Other","20/04/2023","3200","3500","3400","2023-10-11"
"Chattisgarh","Narayanpur","Narayanpur","Millets","Other","21/04/2023","3300","3500","3400","2023-10-11"
"Chattisgarh","Narayanpur","Narayanpur","Millets","Other","27/04/2023","3300","3500","3400","2023-10-11"
"Chattisgarh","Narayanpur","Narayanpur","Millets","Other","28/04/2023","2800","3000","2900","2023-10-11"
"Chattisgarh","Narayanpur","Narayanpur","Millets","Other","29/04/2023","2800","3000","2900","2023-10-11"
"Chattisgarh","Narayanpur","Narayanpur","Millets","Other","08/05/2023","3400","3600","3500","2023-10-11"
"Chattisgarh","Narayanpur","Narayanpur","Millets","Other","12/05/2023","3200","3500","3400","2023-10-11"
"Chattisgarh","Narayanpur","Narayanpur","Millets","Other","15/05/2023","3500","3700","3600","2023-10-11"
"Chattisgarh","Narayanpur","Narayanpur","Millets","Other","20/05/2023","3500","3700","3600","2023-10-11"
"Chattisgarh","Narayanpur","Narayanpur","Millets","Other","22/05/2023","3500","3700","3600","2023-10-11"
"Chattisgarh","Narayanpur","Narayanpur","Millets","Other","23/05/2023","3700","3900","3800","2023-10-11"
"Chattisgarh","Narayanpur","Narayanpur","Millets","Other","08/06/2023","3300","3500","3400","2023-10-11"
"Chattisgarh","Narayanpur","Narayanpur","Millets","Other","09/06/2023","3300","3500","3400","2023-10-11"
"Chattisgarh","Narayanpur","Narayanpur","Millets","Other","10/06/2023","3300","3500","3400","2023-10-11"
"Chattisgarh","Narayanpur","Narayanpur","Millets","Other","11/06/2023","3300","3500","3400","2023-10-11"
"Chattisgarh","Narayanpur","Narayanpur","Millets","Other","12/06/2023","3300","3500","3400","2023-10-11"
"Chattisgarh","Narayanpur","Narayanpur","Millets","Other","13/06/2023","3300","3500","3400","2023-10-11"
"Chattisgarh","Narayanpur","Narayanpur","Millets","Other","15/06/2023","2700","3000","2900","2023-10-11"
"Chattisgarh","Narayanpur","Narayanpur","Millets","Other","16/06/2023","3200","3500","3400","2023-10-11"
"Chattisgarh","Narayanpur","Narayanpur","Millets","Other","19/06/2023","2800","3000","2900","2023-10-11"
"Chattisgarh","Narayanpur","Narayanpur","Millets","Other","20/06/2023","2800","3000","2900","2023-10-11"
"Chattisgarh","Narayanpur","Narayanpur","Millets","Other","21/06/2023","3200","3500","3400","2023-10-11"
"Chattisgarh","Narayanpur","Narayanpur","Millets","Other","22/06/2023","3200","3500","3400","2023-10-11"
"Chattisgarh","Narayanpur","Narayanpur","Millets","Other","24/06/2023","3200","3500","3400","2023-10-11"
"Chattisgarh","Narayanpur","Narayanpur","Millets","Other","26/06/2023","2800","3000","2900","2023-10-11"
"Chattisgarh","Narayanpur","Narayanpur","Millets","Other","29/06/2023","2800","3000","2900","2023-10-11"
"Chattisgarh","Narayanpur","Narayanpur","Millets","Other","02/07/2023","3500","4000","3800","2023-10-11"
"Chattisgarh","Narayanpur","Narayanpur","Millets","Other","03/07/2023","3500","4000","3800","2023-10-11"
"Chattisgarh","Narayanpur","Narayanpur","Millets","Other","05/07/2023","3000","3800","3500","2023-10-11"
"Chattisgarh","Narayanpur","Narayanpur","Millets","Other","06/07/2023","3000","3800","3500","2023-10-11"
"Chattisgarh","Narayanpur","Narayanpur","Millets","Other","07/07/2023","3500","3800","3700","2023-10-11"
"Chattisgarh","Narayanpur","Narayanpur","Millets","Other","15/07/2023","3300","3500","3400","2023-10-11"
"Chattisgarh","Narayanpur","Narayanpur","Millets","Other","16/07/2023","3200","3400","3300","2023-10-11"
"Chattisgarh","Narayanpur","Narayanpur","Millets","Other","22/07/2023","3200","3400","3300","2023-10-11"
"Chattisgarh","Narayanpur","Narayanpur","Millets","Other","24/07/2023","3200","3400","3300","2023-10-11"
"Chattisgarh","Narayanpur","Narayanpur","Millets","Other","26/07/2023","3300","3500","3400","2023-10-11"
"Chattisgarh","Narayanpur","Narayanpur","Millets","Other","27/07/2023","3300","3800","3500","2023-10-11"
"Chattisgarh","Narayanpur","Narayanpur","Millets","Other","29/07/2023","3500","3800","3700","2023-10-11"
"Chattisgarh","Narayanpur","Narayanpur","Millets","Other","30/07/2023","3300","3600","3400","2023-10-11"
"Chattisgarh","Narayanpur","Narayanpur","Millets","Other","31/07/2023","3800","4000","3900","2023-10-11"
"Chattisgarh","Narayanpur","Narayanpur","Millets","Other","07/08/2023","2800","3000","2900","2023-10-11"
"Chattisgarh","Narayanpur","Narayanpur","Millets","Other","08/08/2023","2800","3000","2900","2023-10-11"
"Chattisgarh","Narayanpur","Narayanpur","Millets","Other","09/08/2023","2800","3000","2900","2023-10-11"
"Chattisgarh","Narayanpur","Narayanpur","Millets","Other","10/08/2023","2800","3000","2900","2023-10-11"
"Chattisgarh","Narayanpur","Narayanpur","Millets","Other","11/08/2023","2800","3000","2900","2023-10-11"
"Chattisgarh","Narayanpur","Narayanpur","Millets","Other","12/08/2023","2800","3000","2900","2023-10-11"
"Chattisgarh","Narayanpur","Narayanpur","Millets","Other","13/08/2023","2800","3000","2900","2023-10-11"
"Chattisgarh","Narayanpur","Narayanpur","Millets","Other","14/08/2023","2800","3000","2900","2023-10-11"
"Chattisgarh","Narayanpur","Narayanpur","Millets","Other","15/08/2023","2800","3000","2900","2023-10-11"
"Chattisgarh","Narayanpur","Narayanpur","Millets","Other","16/08/2023","2800","3000","2900","2023-10-11"
"Chattisgarh","Narayanpur","Narayanpur","Millets","Other","17/08/2023","2800","3000","2900","2023-10-11"
"Chattisgarh","Narayanpur","Narayanpur","Millets","Other","18/08/2023","2800","3000","2900","2023-10-11"
"Chattisgarh","Narayanpur","Narayanpur","Millets","Other","19/08/2023","3800","4100","4000","2023-10-11"
"Chattisgarh","Narayanpur","Narayanpur","Millets","Other","20/08/2023","3800","4000","3900","2023-10-11"
"Chattisgarh","Narayanpur","Narayanpur","Millets","Other","21/08/2023","3800","4000","3900","2023-10-11"
"Chattisgarh","Narayanpur","Narayanpur","Millets","Other","22/08/2023","3500","3700","3600","2023-10-11"
"Chattisgarh","Narayanpur","Narayanpur","Millets","Other","23/08/2023","2800","3000","2900","2023-10-11"
"Chattisgarh","Narayanpur","Narayanpur","Millets","Other","24/08/2023","2800","3000","2900","2023-10-11"
"Chattisgarh","Narayanpur","Narayanpur","Millets","Other","25/08/2023","3500","3700","3600","2023-10-11"
"Chattisgarh","Narayanpur","Narayanpur","Millets","Other","30/08/2023","3500","3700","3600","2023-10-11"
"Chattisgarh","Narayanpur","Narayanpur","Millets","Other","31/08/2023","3800","4000","3900","2023-10-11"
"Chattisgarh","Narayanpur","Narayanpur","Millets","Other","05/09/2023","3500","4000","3800","2023-10-11"
"Chattisgarh","Narayanpur","Narayanpur","Millets","Other","06/09/2023","3500","4000","3800","2023-10-11"
"Chattisgarh","Narayanpur","Narayanpur","Millets","Other","07/09/2023","3700","3900","3800","2023-10-11"
"Chattisgarh","Narayanpur","Narayanpur","Millets","Other","08/09/2023","3700","3900","3800","2023-10-11"
"Chattisgarh","Narayanpur","Narayanpur","Millets","Other","09/09/2023","3700","3900","3800","2023-10-11"
"Chattisgarh","Narayanpur","Narayanpur","Millets","Other","10/09/2023","3700","3900","3800","2023-10-11"
"Chattisgarh","Narayanpur","Narayanpur","Millets","Other","11/09/2023","3700","3900","3800","2023-10-11"
"Chattisgarh","Narayanpur","Narayanpur","Millets","Other","15/09/2023","3600","3800","3700","2023-10-11"
"Chattisgarh","Narayanpur","Narayanpur","Millets","Other","16/09/2023","3500","3700","3600","2023-10-11"
"Chattisgarh","Narayanpur","Narayanpur","Millets","Other","17/09/2023","3800","4000","3900","2023-10-11"
"Chattisgarh","Narayanpur","Narayanpur","Millets","Other","18/09/2023","3700","3900","3800","2023-10-11"
"Chattisgarh","Narayanpur","Narayanpur","Millets","Other","19/09/2023","3700","3900","3800","2023-10-11"
"Chattisgarh","Narayanpur","Narayanpur","Millets","Other","21/09/2023","3800","4000","3900","2023-10-11"
"Chattisgarh","Narayanpur","Narayanpur","Millets","Other","30/09/2023","3500","3700","3600","2023-10-11"
"Chattisgarh","Narayanpur","Narayanpur","Millets","Other","02/10/2023","3600","3800","3700","2023-10-11"
"Chattisgarh","Narayanpur","Narayanpur","Millets","Other","03/10/2023","3600","3800","3700","2023-10-11"
"Chattisgarh","Narayanpur","Narayanpur","Millets","Other","04/10/2023","3600","3800","3700","2023-10-11"
"Chattisgarh","Narayanpur","Narayanpur","Millets","Other","09/10/2023","3500","3700","3600","2023-10-11"
"Chattisgarh","Surajpur","Surajpur","Millets","Other","19/01/2023","2000","2000","2000","2023-10-11"
"Chattisgarh","Surajpur","Surajpur","Millets","Other","28/01/2023","3000","3000","3000","2023-10-11"
"Chattisgarh","Surajpur","Surajpur","Millets","Other","27/02/2023","2000","2100","2000","2023-10-11"
"Chattisgarh","Surajpur","Surajpur","Millets","Other","24/03/2023","3000","3000","3000","2023-10-11"
"Chattisgarh","Surajpur","Surajpur","Millets","Other","23/04/2023","2000","2000","2000","2023-10-11"
"Chattisgarh","Surajpur","Surajpur","Millets","Other","31/05/2023","2000","2000","2000","2023-10-11"
"Chattisgarh","Surajpur","Surajpur","Millets","Other","19/06/2023","2000","2000","2000","2023-10-11"
"Chattisgarh","Surajpur","Surajpur","Millets","Other","07/07/2023","2000","2000","2000","2023-10-11"
"Chattisgarh","Surajpur","Surajpur","Millets","Other","31/07/2023","2000","2000","2000","2023-10-11"
"Chattisgarh","Surajpur","Surajpur","Millets","Other","07/08/2023","2000","2000","2000","2023-10-11"
"Chattisgarh","Surajpur","Surajpur","Millets","Other","08/08/2023","2000","2000","2000","2023-10-11"
"Chattisgarh","Surajpur","Surajpur","Millets","Other","10/08/2023","2000","2000","2000","2023-10-11"
"Chattisgarh","Surajpur","Surajpur","Millets","Other","11/08/2023","2000","2000","2000","2023-10-11"
"Chattisgarh","Surajpur","Surajpur","Millets","Other","31/08/2023","2000","2000","2000","2023-10-11"
"Chattisgarh","Surajpur","Surajpur","Millets","Other","11/09/2023","2000","2000","2000","2023-10-11"
"Chattisgarh","Surajpur","Surajpur","Millets","Other","12/09/2023","2000","2000","2000","2023-10-11"
"Chattisgarh","Surajpur","Surajpur","Millets","Other","15/09/2023","2000","2000","2000","2023-10-11"
"Chattisgarh","Surajpur","Surajpur","Millets","Other","21/09/2023","2000","2000","2000","2023-10-11"
"Chattisgarh","Surajpur","Surajpur","Millets","Other","30/09/2023","2000","2000","2000","2023-10-11"
"Chattisgarh","Surajpur","Surajpur","Millets","Other","11/10/2023","3000","3000","3000","2023-10-11"
"Gujarat","Junagarh","Veraval","Millets","Millets","01/08/2023","2005","2365","2185","2023-10-11"
"Gujarat","Junagarh","Veraval","Millets","Millets","02/08/2023","2005","2255","2130","2023-10-11"
"Gujarat","Junagarh","Veraval","Millets","Millets","03/08/2023","2000","2210","2105","2023-10-11"
"Gujarat","Junagarh","Veraval","Millets","Millets","04/08/2023","2015","2285","2150","2023-10-11"
"Gujarat","Junagarh","Veraval","Millets","Millets","05/08/2023","2025","2350","2190","2023-10-11"
"Gujarat","Junagarh","Veraval","Millets","Millets","08/08/2023","2015","2325","2170","2023-10-11"
"Gujarat","Junagarh","Veraval","Millets","Millets","09/08/2023","2005","2200","2105","2023-10-11"
"Gujarat","Junagarh","Veraval","Millets","Millets","10/08/2023","2020","2300","2160","2023-10-11"
"Gujarat","Junagarh","Veraval","Millets","Millets","11/08/2023","2025","2305","2165","2023-10-11"
"Gujarat","Junagarh","Veraval","Millets","Millets","12/08/2023","2075","2350","2215","2023-10-11"
"Gujarat","Junagarh","Veraval","Millets","Millets","14/08/2023","1850","2275","2065","2023-10-11"
"Gujarat","Junagarh","Veraval","Millets","Millets","16/08/2023","1905","2255","2080","2023-10-11"
"Gujarat","Junagarh","Veraval","Millets","Millets","17/08/2023","2005","2375","2190","2023-10-11"
"Gujarat","Junagarh","Veraval","Millets","Millets","18/08/2023","1955","2280","2120","2023-10-11"
"Gujarat","Junagarh","Veraval","Millets","Millets","19/08/2023","1900","2205","2055","2023-10-11"
"Gujarat","Junagarh","Veraval","Millets","Millets","21/08/2023","1955","2250","2105","2023-10-11"
"Gujarat","Junagarh","Veraval","Millets","Millets","22/08/2023","1855","2050","1955","2023-10-11"
"Gujarat","Junagarh","Veraval","Millets","Millets","23/08/2023","1875","2175","2025","2023-10-11"
"Gujarat","Junagarh","Veraval","Millets","Millets","24/08/2023","1755","2175","1965","2023-10-11"
"Gujarat","Junagarh","Veraval","Millets","Millets","25/08/2023","1875","2125","2000","2023-10-11"
"Gujarat","Junagarh","Veraval","Millets","Millets","26/08/2023","1875","2075","1975","2023-10-11"
"Gujarat","Junagarh","Veraval","Millets","Millets","28/08/2023","1505","2005","1755","2023-10-11"
"Gujarat","Junagarh","Veraval","Millets","Millets","29/08/2023","1505","2000","1755","2023-10-11"
"Gujarat","Junagarh","Veraval","Millets","Millets","31/08/2023","1505","1985","1745","2023-10-11"
"Gujarat","Junagarh","Veraval","Millets","Millets","01/09/2023","1505","2025","1765","2023-10-11"
"Gujarat","Junagarh","Veraval","Millets","Millets","02/09/2023","1505","2005","1755","2023-10-11"
"Gujarat","Junagarh","Veraval","Millets","Millets","11/09/2023","1750","1960","1855","2023-10-11"
"Gujarat","Junagarh","Veraval","Millets","Millets","12/09/2023","1505","2010","1760","2023-10-11"
"Gujarat","Junagarh","Veraval","Millets","Millets","13/09/2023","1800","2040","1920","2023-10-11"
"Gujarat","Junagarh","Veraval","Millets","Millets","14/09/2023","1775","2110","1945","2023-10-11"
"Gujarat","Junagarh","Veraval","Millets","Millets","15/09/2023","1855","2125","1990","2023-10-11"
"Gujarat","Junagarh","Veraval","Millets","Millets","16/09/2023","1855","2105","1980","2023-10-11"
"Gujarat","Junagarh","Veraval","Millets","Millets","18/09/2023","1875","2105","1990","2023-10-11"
"Gujarat","Junagarh","Veraval","Millets","Millets","20/09/2023","1905","2125","2015","2023-10-11"
"Gujarat","Junagarh","Veraval","Millets","Millets","21/09/2023","1955","2255","2105","2023-10-11"
"Gujarat","Junagarh","Veraval","Millets","Millets","23/09/2023","1790","2205","2000","2023-10-11"
"Gujarat","Junagarh","Veraval","Millets","Millets","25/09/2023","1935","2155","2045","2023-10-11"
"Gujarat","Junagarh","Veraval","Millets","Millets","26/09/2023","1905","2150","2030","2023-10-11"
"Gujarat","Junagarh","Veraval","Millets","Millets","27/09/2023","1885","2190","2040","2023-10-11"
"Gujarat","Junagarh","Veraval","Millets","Millets","29/09/2023","1845","2155","2000","2023-10-11"
"Gujarat","Junagarh","Veraval","Millets","Millets","30/09/2023","1875","2105","1990","2023-10-11"
"Gujarat","Junagarh","Veraval","Millets","Millets","03/10/2023","1890","2125","2010","2023-10-11"
"Gujarat","Junagarh","Veraval","Millets","Millets","04/10/2023","1885","2150","2020","2023-10-11"
"Gujarat","Junagarh","Veraval","Millets","Millets","05/10/2023","1950","2150","2050","2023-10-11"
"Gujarat","Junagarh","Veraval","Millets","Millets","06/10/2023","1885","2105","1995","2023-10-11"
"Gujarat","Junagarh","Veraval","Millets","Millets","07/10/2023","1885","2145","2015","2023-10-11"
"Gujarat","Junagarh","Veraval","Millets","Millets","09/10/2023","1755","2105","1930","2023-10-11"
"Gujarat","Junagarh","Veraval","Millets","Millets","10/10/2023","1855","2135","1995","2023-10-11"
"Gujarat","Junagarh","Veraval","Millets","Millets","11/10/2023","1805","2105","1955","2023-10-11"
"Madhya Pradesh","Anupur","Anuppur","Millets","Millets","01/01/2023","3800","3800","3800","2023-10-11"
"Madhya Pradesh","Anupur","Anuppur","Millets","Millets","02/01/2023","3800","3800","3800","2023-10-11"
"Madhya Pradesh","Anupur","Anuppur","Millets","Millets","10/01/2023","3800","3800","3800","2023-10-11"
"Madhya Pradesh","Anupur","Anuppur","Millets","Millets","11/01/2023","2390","2390","2390","2023-10-11"
"Madhya Pradesh","Anupur","Anuppur","Millets","Millets","13/01/2023","3300","3300","3300","2023-10-11"
"Madhya Pradesh","Anupur","Anuppur","Millets","Millets","22/01/2023","3600","3800","3700","2023-10-11"
"Madhya Pradesh","Anupur","Anuppur","Millets","Millets","23/01/2023","3600","3600","3600","2023-10-11"
"Madhya Pradesh","Anupur","Anuppur","Millets","Millets","31/01/2023","3500","3500","3500","2023-10-11"
"Madhya Pradesh","Anupur","Anuppur","Millets","Millets","01/02/2023","3500","3500","3500","2023-10-11"
"Madhya Pradesh","Anupur","Anuppur","Millets","Millets","09/02/2023","3500","3500","3500","2023-10-11"
"Madhya Pradesh","Anupur","Anuppur","Millets","Millets","15/02/2023","3400","3800","3800","2023-10-11"
"Madhya Pradesh","Anupur","Anuppur","Millets","Millets","21/02/2023","3800","3800","3800","2023-10-11"
"Madhya Pradesh","Anupur","Anuppur","Millets","Millets","12/03/2023","3700","3700","3700","2023-10-11"
"Madhya Pradesh","Anupur","Anuppur","Millets","Millets","19/03/2023","3700","3700","3700","2023-10-11"
"Madhya Pradesh","Anupur","Anuppur","Millets","Millets","26/03/2023","3600","3600","3600","2023-10-11"
"Madhya Pradesh","Anupur","Anuppur","Millets","Millets","24/04/2023","3300","3700","3700","2023-10-11"
"Madhya Pradesh","Anupur","Anuppur","Millets","Millets","05/06/2023","3800","3800","3800","2023-10-11"
"Madhya Pradesh","Anupur","Anuppur","Millets","Millets","07/06/2023","3800","3800","3800","2023-10-11"
"Madhya Pradesh","Anupur","Anuppur","Millets","Millets","11/06/2023","3700","3700","3700","2023-10-11"
"Madhya Pradesh","Anupur","Anuppur","Millets","Millets","15/06/2023","3500","3500","3500","2023-10-11"
"Madhya Pradesh","Anupur","Anuppur","Millets","Millets","20/06/2023","3800","3800","3800","2023-10-11"
"Madhya Pradesh","Anupur","Anuppur","Millets","Millets","11/08/2023","3500","4300","3500","2023-10-11"
"Madhya Pradesh","Anupur","Anuppur","Millets","Millets","26/08/2023","4000","4000","4000","2023-10-11"
"Madhya Pradesh","Anupur","Anuppur","Millets","Millets","12/09/2023","3500","4000","3500","2023-10-11"
"Madhya Pradesh","Anupur","Anuppur","Millets","Millets","24/09/2023","4000","4000","4000","2023-10-11"
"Madhya Pradesh","Balaghat","Mohgaon","Millets","Other","02/01/2023","2200","2300","2300","2023-10-11"
"Madhya Pradesh","Balaghat","Mohgaon","Millets","Other","03/01/2023","2201","2301","2301","2023-10-11"
"Madhya Pradesh","Balaghat","Mohgaon","Millets","Other","04/01/2023","2200","2500","2500","2023-10-11"
"Madhya Pradesh","Balaghat","Mohgaon","Millets","Other","06/01/2023","2201","3001","2350","2023-10-11"
"Madhya Pradesh","Balaghat","Mohgaon","Millets","Other","08/01/2023","2301","2301","2301","2023-10-11"
"Madhya Pradesh","Balaghat","Mohgaon","Millets","Other","09/01/2023","2200","2200","2200","2023-10-11"
"Madhya Pradesh","Balaghat","Mohgaon","Millets","Other","11/01/2023","2200","2800","2301","2023-10-11"
"Madhya Pradesh","Balaghat","Mohgaon","Millets","Other","12/01/2023","2200","2200","2200","2023-10-11"
"Madhya Pradesh","Balaghat","Mohgaon","Millets","Other","17/01/2023","2200","2300","2200","2023-10-11"
"Madhya Pradesh","Balaghat","Mohgaon","Millets","Other","18/01/2023","2200","3000","2300","2023-10-11"
"Madhya Pradesh","Balaghat","Mohgaon","Millets","Other","19/01/2023","2200","2200","2200","2023-10-11"
"Madhya Pradesh","Balaghat","Mohgaon","Millets","Other","20/01/2023","2500","3000","2700","2023-10-11"
"Madhya Pradesh","Balaghat","Mohgaon","Millets","Other","21/01/2023","2400","3000","2700","2023-10-11"
"Madhya Pradesh","Balaghat","Mohgaon","Millets","Other","22/01/2023","2500","2500","2500","2023-10-11"
"Madhya Pradesh","Balaghat","Mohgaon","Millets","Other","24/01/2023","2250","2250","2250","2023-10-11"
"Madhya Pradesh","Balaghat","Mohgaon","Millets","Other","25/01/2023","2200","2200","2200","2023-10-11"
"Madhya Pradesh","Balaghat","Mohgaon","Millets","Other","27/01/2023","2200","3000","2500","2023-10-11"
"Madhya Pradesh","Balaghat","Mohgaon","Millets","Other","28/01/2023","2310","3000","2600","2023-10-11"
"Madhya Pradesh","Balaghat","Mohgaon","Millets","Other","30/01/2023","2200","2200","2200","2023-10-11"
"Madhya Pradesh","Balaghat","Mohgaon","Millets","Other","31/01/2023","2200","2500","2200","2023-10-11"
"Madhya Pradesh","Balaghat","Mohgaon","Millets","Other","02/02/2023","2200","2200","2200","2023-10-11"
"Madhya Pradesh","Balaghat","Mohgaon","Millets","Other","04/02/2023","2200","2200","2200","2023-10-11"
"Madhya Pradesh","Balaghat","Mohgaon","Millets","Other","05/02/2023","2310","2310","2310","2023-10-11"
"Madhya Pradesh","Balaghat","Mohgaon","Millets","Other","06/02/2023","2200","2200","2200","2023-10-11"
"Madhya Pradesh","Balaghat","Mohgaon","Millets","Other","08/02/2023","3000","3000","3000","2023-10-11"
"Madhya Pradesh","Balaghat","Mohgaon","Millets","Other","14/02/2023","2200","3000","2500","2023-10-11"
"Madhya Pradesh","Balaghat","Mohgaon","Millets","Other","25/02/2023","2200","2200","2200","2023-10-11"
"Madhya Pradesh","Balaghat","Mohgaon","Millets","Other","27/02/2023","2200","2200","2200","2023-10-11"
"Madhya Pradesh","Balaghat","Mohgaon","Millets","Other","01/03/2023","2500","2500","2500","2023-10-11"
"Madhya Pradesh","Balaghat","Mohgaon","Millets","Other","02/03/2023","2200","2200","2200","2023-10-11"
"Madhya Pradesh","Balaghat","Mohgaon","Millets","Other","03/03/2023","2300","2300","2300","2023-10-11"
"Madhya Pradesh","Balaghat","Mohgaon","Millets","Other","12/03/2023","2500","3000","2700","2023-10-11"
"Madhya Pradesh","Balaghat","Mohgaon","Millets","Other","17/03/2023","3000","3000","3000","2023-10-11"
"Madhya Pradesh","Balaghat","Mohgaon","Millets","Other","23/03/2023","2200","2200","2200","2023-10-11"
"Madhya Pradesh","Balaghat","Mohgaon","Millets","Other","24/03/2023","3000","3000","3000","2023-10-11"
"Madhya Pradesh","Balaghat","Mohgaon","Millets","Other","25/03/2023","2200","2200","2200","2023-10-11"
"Madhya Pradesh","Balaghat","Mohgaon","Millets","Other","26/04/2023","2200","2500","2500","2023-10-11"
"Madhya Pradesh","Balaghat","Mohgaon","Millets","Other","27/04/2023","2200","2200","2200","2023-10-11"
"Madhya Pradesh","Balaghat","Mohgaon","Millets","Other","28/04/2023","2200","2200","2200","2023-10-11"
"Madhya Pradesh","Balaghat","Mohgaon","Millets","Other","06/05/2023","2200","2200","2200","2023-10-11"
"Madhya Pradesh","Balaghat","Mohgaon","Millets","Other","08/05/2023","3000","3000","3000","2023-10-11"
"Madhya Pradesh","Balaghat","Mohgaon","Millets","Other","10/05/2023","2200","2200","2200","2023-10-11"
"Madhya Pradesh","Balaghat","Mohgaon","Millets","Other","11/05/2023","2500","2500","2500","2023-10-11"
"Madhya Pradesh","Balaghat","Mohgaon","Millets","Other","12/05/2023","2250","2250","2250","2023-10-11"
"Madhya Pradesh","Balaghat","Mohgaon","Millets","Other","18/05/2023","2400","2400","2400","2023-10-11"
"Madhya Pradesh","Balaghat","Mohgaon","Millets","Other","25/05/2023","2200","2200","2200","2023-10-11"
"Madhya Pradesh","Balaghat","Mohgaon","Millets","Other","26/05/2023","2250","2250","2250","2023-10-11"
"Madhya Pradesh","Balaghat","Mohgaon","Millets","Other","24/06/2023","3000","3000","3000","2023-10-11"
"Madhya Pradesh","Balaghat","Mohgaon","Millets","Other","29/06/2023","2250","2250","2250","2023-10-11"
"Madhya Pradesh","Balaghat","Mohgaon","Millets","Other","30/06/2023","2200","2200","2200","2023-10-11"
"Madhya Pradesh","Balaghat","Mohgaon","Millets","Other","03/07/2023","2250","2250","2250","2023-10-11"
"Madhya Pradesh","Balaghat","Mohgaon","Millets","Other","07/07/2023","2250","2250","2250","2023-10-11"
"Madhya Pradesh","Balaghat","Mohgaon","Millets","Other","12/07/2023","2250","2250","2250","2023-10-11"
"Madhya Pradesh","Balaghat","Mohgaon","Millets","Other","14/07/2023","2200","2200","2200","2023-10-11"
"Madhya Pradesh","Balaghat","Mohgaon","Millets","Other","18/07/2023","2250","2250","2250","2023-10-11"
"Madhya Pradesh","Balaghat","Mohgaon","Millets","Other","19/07/2023","2250","2250","2250","2023-10-11"
"Madhya Pradesh","Balaghat","Mohgaon","Millets","Other","20/07/2023","2040","2040","2040","2023-10-11"
"Madhya Pradesh","Balaghat","Mohgaon","Millets","Other","21/07/2023","3000","3000","3000","2023-10-11"
"Madhya Pradesh","Balaghat","Mohgaon","Millets","Other","22/07/2023","3000","3000","3000","2023-10-11"
"Madhya Pradesh","Balaghat","Mohgaon","Millets","Other","24/07/2023","2250","2260","2250","2023-10-11"
"Madhya Pradesh","Balaghat","Mohgaon","Millets","Other","25/07/2023","2300","2300","2300","2023-10-11"
"Madhya Pradesh","Balaghat","Mohgaon","Millets","Other","26/07/2023","2268","2268","2268","2023-10-11"
"Madhya Pradesh","Balaghat","Mohgaon","Millets","Other","30/07/2023","2269","2269","2269","2023-10-11"
"Madhya Pradesh","Balaghat","Mohgaon","Millets","Other","02/08/2023","2200","2200","2200","2023-10-11"
"Madhya Pradesh","Balaghat","Mohgaon","Millets","Other","08/08/2023","2150","2500","2500","2023-10-11"
"Madhya Pradesh","Balaghat","Mohgaon","Millets","Other","19/08/2023","3000","3000","3000","2023-10-11"
"Madhya Pradesh","Balaghat","Mohgaon","Millets","Other","01/09/2023","3000","3000","3000","2023-10-11"
"Madhya Pradesh","Balaghat","Mohgaon","Millets","Other","04/09/2023","2500","2500","2500","2023-10-11"
"Madhya Pradesh","Balaghat","Mohgaon","Millets","Other","03/10/2023","3000","3000","3000","2023-10-11"
"Madhya Pradesh","Balaghat","Praswada","Millets","Millets","05/09/2023","2600","2600","2600","2023-10-11"
"Madhya Pradesh","Balaghat","Praswada","Millets","Millets","06/10/2023","2600","2600","2600","2023-10-11"
"Madhya Pradesh","Balaghat","Praswada","Millets","Other","21/07/2023","260","260","260","2023-10-11"
"Madhya Pradesh","Dindori","Dindori","Millets","Millets","02/01/2023","2500","4000","3800","2023-10-11"
"Madhya Pradesh","Dindori","Dindori","Millets","Millets","04/01/2023","2600","4000","4000","2023-10-11"
"Madhya Pradesh","Dindori","Dindori","Millets","Millets","05/01/2023","2700","4000","3800","2023-10-11"
"Madhya Pradesh","Dindori","Dindori","Millets","Millets","09/01/2023","3800","4000","4000","2023-10-11"
"Madhya Pradesh","Dindori","Dindori","Millets","Millets","10/01/2023","2600","4000","4000","2023-10-11"
"Madhya Pradesh","Dindori","Dindori","Millets","Millets","11/01/2023","2400","2400","2400","2023-10-11"
"Madhya Pradesh","Dindori","Dindori","Millets","Millets","12/01/2023","2500","3900","3600","2023-10-11"
"Madhya Pradesh","Dindori","Dindori","Millets","Millets","13/01/2023","2500","4000","4000","2023-10-11"
"Madhya Pradesh","Dindori","Dindori","Millets","Millets","14/01/2023","2400","3975","3800","2023-10-11"
"Madhya Pradesh","Dindori","Dindori","Millets","Millets","17/01/2023","2600","4000","4000","2023-10-11"
"Madhya Pradesh","Dindori","Dindori","Millets","Millets","18/01/2023","2500","4000","3800","2023-10-11"
"Madhya Pradesh","Dindori","Dindori","Millets","Millets","20/01/2023","2200","3500","2500","2023-10-11"
"Madhya Pradesh","Dindori","Dindori","Millets","Millets","21/01/2023","2600","3900","3800","2023-10-11"
"Madhya Pradesh","Dindori","Dindori","Millets","Millets","23/01/2023","2600","3800","2700","2023-10-11"
"Madhya Pradesh","Dindori","Dindori","Millets","Millets","24/01/2023","2200","2700","2700","2023-10-11"
"Madhya Pradesh","Dindori","Dindori","Millets","Millets","26/01/2023","2500","3825","3775","2023-10-11"
"Madhya Pradesh","Dindori","Dindori","Millets","Millets","27/01/2023","2700","3800","3600","2023-10-11"
"Madhya Pradesh","Dindori","Dindori","Millets","Millets","28/01/2023","2700","4000","3800","2023-10-11"
"Madhya Pradesh","Dindori","Dindori","Millets","Millets","30/01/2023","3000","3000","3000","2023-10-11"
"Madhya Pradesh","Dindori","Dindori","Millets","Millets","31/01/2023","2600","4000","3800","2023-10-11"
"Madhya Pradesh","Dindori","Dindori","Millets","Millets","01/02/2023","2600","4000","3800","2023-10-11"
"Madhya Pradesh","Dindori","Dindori","Millets","Millets","02/02/2023","2600","4000","2600","2023-10-11"
"Madhya Pradesh","Dindori","Dindori","Millets","Millets","03/02/2023","2500","3800","3600","2023-10-11"
"Madhya Pradesh","Dindori","Dindori","Millets","Millets","06/02/2023","2700","4000","4000","2023-10-11"
"Madhya Pradesh","Dindori","Dindori","Millets","Millets","07/02/2023","2500","2700","2700","2023-10-11"
"Madhya Pradesh","Dindori","Dindori","Millets","Millets","08/02/2023","2300","4000","3000","2023-10-11"
"Madhya Pradesh","Dindori","Dindori","Millets","Millets","09/02/2023","2700","3800","3000","2023-10-11"
"Madhya Pradesh","Dindori","Dindori","Millets","Millets","10/02/2023","2800","3800","3700","2023-10-11"
"Madhya Pradesh","Dindori","Dindori","Millets","Millets","11/02/2023","2600","2800","2600","2023-10-11"
"Madhya Pradesh","Dindori","Dindori","Millets","Millets","13/02/2023","2800","3800","3750","2023-10-11"
"Madhya Pradesh","Dindori","Dindori","Millets","Millets","14/02/2023","2800","4100","3700","2023-10-11"
"Madhya Pradesh","Dindori","Dindori","Millets","Millets","15/02/2023","2500","3800","2600","2023-10-11"
"Madhya Pradesh","Dindori","Dindori","Millets","Millets","16/02/2023","2650","4100","3800","2023-10-11"
"Madhya Pradesh","Dindori","Dindori","Millets","Millets","18/02/2023","2600","3700","3600","2023-10-11"
"Madhya Pradesh","Dindori","Dindori","Millets","Millets","20/02/2023","2500","4100","3600","2023-10-11"
"Madhya Pradesh","Dindori","Dindori","Millets","Millets","21/02/2023","3800","3800","3800","2023-10-11"
"Madhya Pradesh","Dindori","Dindori","Millets","Millets","22/02/2023","2500","3900","2600","2023-10-11"
"Madhya Pradesh","Dindori","Dindori","Millets","Millets","24/02/2023","2400","3800","3600","2023-10-11"
"Madhya Pradesh","Dindori","Dindori","Millets","Millets","25/02/2023","3780","3780","3780","2023-10-11"
"Madhya Pradesh","Dindori","Dindori","Millets","Millets","26/02/2023","2800","2800","2800","2023-10-11"
"Madhya Pradesh","Dindori","Dindori","Millets","Millets","28/02/2023","2700","4000","3800","2023-10-11"
"Madhya Pradesh","Dindori","Dindori","Millets","Millets","01/03/2023","3000","3000","3000","2023-10-11"
"Madhya Pradesh","Dindori","Dindori","Millets","Millets","02/03/2023","2600","3800","2600","2023-10-11"
"Madhya Pradesh","Dindori","Dindori","Millets","Millets","03/03/2023","2500","3700","3000","2023-10-11"
"Madhya Pradesh","Dindori","Dindori","Millets","Millets","04/03/2023","2500","3600","3100","2023-10-11"
"Madhya Pradesh","Dindori","Dindori","Millets","Millets","06/03/2023","1500","3800","3700","2023-10-11"
"Madhya Pradesh","Dindori","Dindori","Millets","Millets","15/03/2023","2700","4000","3000","2023-10-11"
"Madhya Pradesh","Dindori","Dindori","Millets","Millets","17/03/2023","3725","3725","3725","2023-10-11"
"Madhya Pradesh","Dindori","Dindori","Millets","Millets","18/03/2023","2600","2800","2800","2023-10-11"
"Madhya Pradesh","Dindori","Dindori","Millets","Millets","20/03/2023","2500","4300","4100","2023-10-11"
"Madhya Pradesh","Dindori","Dindori","Millets","Millets","21/03/2023","2500","4000","3800","2023-10-11"
"Madhya Pradesh","Dindori","Dindori","Millets","Millets","22/03/2023","2475","3700","3700","2023-10-11"
"Madhya Pradesh","Dindori","Dindori","Millets","Millets","24/03/2023","2600","3800","3750","2023-10-11"
"Madhya Pradesh","Dindori","Dindori","Millets","Millets","25/03/2023","2200","3200","3000","2023-10-11"
"Madhya Pradesh","Dindori","Dindori","Millets","Millets","27/03/2023","2400","3500","3500","2023-10-11"
"Madhya Pradesh","Dindori","Dindori","Millets","Millets","29/03/2023","3700","3700","3700","2023-10-11"
"Madhya Pradesh","Dindori","Dindori","Millets","Millets","01/04/2023","2400","3800","3600","2023-10-11"
"Madhya Pradesh","Dindori","Dindori","Millets","Millets","03/04/2023","2400","2400","2400","2023-10-11"
"Madhya Pradesh","Dindori","Dindori","Millets","Millets","04/04/2023","3800","3800","3800","2023-10-11"
"Madhya Pradesh","Dindori","Dindori","Millets","Millets","05/04/2023","2400","3600","3600","2023-10-11"
"Madhya Pradesh","Dindori","Dindori","Millets","Millets","06/04/2023","2500","4000","4000","2023-10-11"
"Madhya Pradesh","Dindori","Dindori","Millets","Millets","08/04/2023","2200","2275","2200","2023-10-11"
"Madhya Pradesh","Dindori","Dindori","Millets","Millets","10/04/2023","2600","3300","3300","2023-10-11"
"Madhya Pradesh","Dindori","Dindori","Millets","Millets","11/04/2023","2500","2500","2500","2023-10-11"
"Madhya Pradesh","Dindori","Dindori","Millets","Millets","12/04/2023","2600","4000","2600","2023-10-11"
"Madhya Pradesh","Dindori","Dindori","Millets","Millets","13/04/2023","2600","3750","3700","2023-10-11"
"Madhya Pradesh","Dindori","Dindori","Millets","Millets","14/04/2023","2650","2650","2650","2023-10-11"
"Madhya Pradesh","Dindori","Dindori","Millets","Millets","15/04/2023","2500","2700","2700","2023-10-11"
"Madhya Pradesh","Dindori","Dindori","Millets","Millets","18/04/2023","2450","4000","2700","2023-10-11"
"Madhya Pradesh","Dindori","Dindori","Millets","Millets","20/04/2023","2600","3800","3750","2023-10-11"
"Madhya Pradesh","Dindori","Dindori","Millets","Millets","22/04/2023","2500","4000","3800","2023-10-11"
"Madhya Pradesh","Dindori","Dindori","Millets","Millets","24/04/2023","2600","2700","2700","2023-10-11"
"Madhya Pradesh","Dindori","Dindori","Millets","Millets","25/04/2023","2600","4000","2750","2023-10-11"
"Madhya Pradesh","Dindori","Dindori","Millets","Millets","26/04/2023","2400","3600","2400","2023-10-11"
"Madhya Pradesh","Dindori","Dindori","Millets","Millets","27/04/2023","2600","4050","4000","2023-10-11"
"Madhya Pradesh","Dindori","Dindori","Millets","Millets","01/05/2023","2500","2800","2600","2023-10-11"
"Madhya Pradesh","Dindori","Dindori","Millets","Millets","02/05/2023","3600","3600","3600","2023-10-11"
"Madhya Pradesh","Dindori","Dindori","Millets","Millets","05/05/2023","4040","4050","4050","2023-10-11"
"Madhya Pradesh","Dindori","Dindori","Millets","Millets","08/05/2023","2400","3800","3700","2023-10-11"
"Madhya Pradesh","Dindori","Dindori","Millets","Millets","09/05/2023","2725","4000","4000","2023-10-11"
"Madhya Pradesh","Dindori","Dindori","Millets","Millets","10/05/2023","3200","3200","3200","2023-10-11"
"Madhya Pradesh","Dindori","Dindori","Millets","Millets","11/05/2023","2500","4000","2600","2023-10-11"
"Madhya Pradesh","Dindori","Dindori","Millets","Millets","12/05/2023","2600","2600","2600","2023-10-11"
"Madhya Pradesh","Dindori","Dindori","Millets","Millets","15/05/2023","2450","2650","2650","2023-10-11"
"Madhya Pradesh","Dindori","Dindori","Millets","Millets","17/05/2023","2700","4000","3825","2023-10-11"
"Madhya Pradesh","Dindori","Dindori","Millets","Millets","18/05/2023","2700","2700","2700","2023-10-11"
"Madhya Pradesh","Dindori","Dindori","Millets","Millets","19/05/2023","2700","2700","2700","2023-10-11"
"Madhya Pradesh","Dindori","Dindori","Millets","Millets","20/05/2023","2700","2700","2700","2023-10-11"
"Madhya Pradesh","Dindori","Dindori","Millets","Millets","23/05/2023","2650","4000","2725","2023-10-11"
"Madhya Pradesh","Dindori","Dindori","Millets","Millets","24/05/2023","2700","2700","2700","2023-10-11"
"Madhya Pradesh","Dindori","Dindori","Millets","Millets","26/05/2023","2600","3800","3800","2023-10-11"
"Madhya Pradesh","Dindori","Dindori","Millets","Millets","30/05/2023","2300","3300","2700","2023-10-11"
"Madhya Pradesh","Dindori","Dindori","Millets","Millets","01/06/2023","2700","4000","4000","2023-10-11"
"Madhya Pradesh","Dindori","Dindori","Millets","Millets","02/06/2023","2700","4000","3900","2023-10-11"
"Madhya Pradesh","Dindori","Dindori","Millets","Millets","03/06/2023","2500","4000","3000","2023-10-11"
"Madhya Pradesh","Dindori","Dindori","Millets","Millets","06/06/2023","2700","2700","2700","2023-10-11"
"Madhya Pradesh","Dindori","Dindori","Millets","Millets","10/06/2023","2600","4050","3850","2023-10-11"
"Madhya Pradesh","Dindori","Dindori","Millets","Millets","12/06/2023","2400","2800","2600","2023-10-11"
"Madhya Pradesh","Dindori","Dindori","Millets","Millets","13/06/2023","4000","4050","4050","2023-10-11"
"Madhya Pradesh","Dindori","Dindori","Millets","Millets","14/06/2023","3900","3900","3900","2023-10-11"
"Madhya Pradesh","Dindori","Dindori","Millets","Millets","16/06/2023","2700","2800","2800","2023-10-11"
"Madhya Pradesh","Dindori","Dindori","Millets","Millets","17/06/2023","2800","2800","2800","2023-10-11"
"Madhya Pradesh","Dindori","Dindori","Millets","Millets","20/06/2023","2500","2500","2500","2023-10-11"
"Madhya Pradesh","Dindori","Dindori","Millets","Millets","21/06/2023","2520","4200","2900","2023-10-11"
"Madhya Pradesh","Dindori","Dindori","Millets","Millets","23/06/2023","1425","2510","2500","2023-10-11"
"Madhya Pradesh","Dindori","Dindori","Millets","Millets","24/06/2023","2500","4000","3500","2023-10-11"
"Madhya Pradesh","Dindori","Dindori","Millets","Millets","27/06/2023","2800","4100","4100","2023-10-11"
"Madhya Pradesh","Dindori","Dindori","Millets","Millets","28/06/2023","2800","2800","2800","2023-10-11"
"Madhya Pradesh","Dindori","Dindori","Millets","Millets","30/06/2023","2500","4100","2800","2023-10-11"
"Madhya Pradesh","Dindori","Dindori","Millets","Millets","01/07/2023","2700","4000","2900","2023-10-11"
"Madhya Pradesh","Dindori","Dindori","Millets","Millets","03/07/2023","3200","4100","4100","2023-10-11"
"Madhya Pradesh","Dindori","Dindori","Millets","Millets","04/07/2023","2500","4300","2950","2023-10-11"
"Madhya Pradesh","Dindori","Dindori","Millets","Millets","06/07/2023","2800","4300","3000","2023-10-11"
"Madhya Pradesh","Dindori","Dindori","Millets","Millets","07/07/2023","2900","4200","4200","2023-10-11"
"Madhya Pradesh","Dindori","Dindori","Millets","Millets","08/07/2023","2700","4000","2825","2023-10-11"
"Madhya Pradesh","Dindori","Dindori","Millets","Millets","11/07/2023","2700","3150","3150","2023-10-11"
"Madhya Pradesh","Dindori","Dindori","Millets","Millets","14/07/2023","4200","4400","4400","2023-10-11"
"Madhya Pradesh","Dindori","Dindori","Millets","Millets","15/07/2023","2500","4000","3300","2023-10-11"
"Madhya Pradesh","Dindori","Dindori","Millets","Millets","17/07/2023","2500","4200","3500","2023-10-11"
"Madhya Pradesh","Dindori","Dindori","Millets","Millets","18/07/2023","3350","4400","3400","2023-10-11"
"Madhya Pradesh","Dindori","Dindori","Millets","Millets","19/07/2023","3100","4400","3400","2023-10-11"
"Madhya Pradesh","Dindori","Dindori","Millets","Millets","21/07/2023","2975","4500","4100","2023-10-11"
"Madhya Pradesh","Dindori","Dindori","Millets","Millets","22/07/2023","3000","3000","3000","2023-10-11"
"Madhya Pradesh","Dindori","Dindori","Millets","Millets","25/07/2023","3500","4350","3500","2023-10-11"
"Madhya Pradesh","Dindori","Dindori","Millets","Millets","26/07/2023","3350","4400","4200","2023-10-11"
"Madhya Pradesh","Dindori","Dindori","Millets","Millets","28/07/2023","3100","4500","4300","2023-10-11"
"Madhya Pradesh","Dindori","Dindori","Millets","Millets","29/07/2023","3200","3200","3200","2023-10-11"
"Madhya Pradesh","Dindori","Dindori","Millets","Millets","31/07/2023","4300","4300","4300","2023-10-11"
"Madhya Pradesh","Dindori","Dindori","Millets","Millets","01/08/2023","3200","3200","3200","2023-10-11"
"Madhya Pradesh","Dindori","Dindori","Millets","Millets","02/08/2023","3500","3500","3500","2023-10-11"
"Madhya Pradesh","Dindori","Dindori","Millets","Millets","04/08/2023","3400","4300","3400","2023-10-11"
"Madhya Pradesh","Dindori","Dindori","Millets","Millets","05/08/2023","3400","4500","4300","2023-10-11"
"Madhya Pradesh","Dindori","Dindori","Millets","Millets","07/08/2023","2100","4000","3250","2023-10-11"
"Madhya Pradesh","Dindori","Dindori","Millets","Millets","09/08/2023","3200","3200","3200","2023-10-11"
"Madhya Pradesh","Dindori","Dindori","Millets","Millets","10/08/2023","3400","3600","3600","2023-10-11"
"Madhya Pradesh","Dindori","Dindori","Millets","Millets","11/08/2023","3200","3500","3500","2023-10-11"
"Madhya Pradesh","Dindori","Dindori","Millets","Millets","12/08/2023","3400","4300","4300","2023-10-11"
"Madhya Pradesh","Dindori","Dindori","Millets","Millets","14/08/2023","3400","4200","4200","2023-10-11"
"Madhya Pradesh","Dindori","Dindori","Millets","Millets","16/08/2023","3250","4150","3400","2023-10-11"
"Madhya Pradesh","Dindori","Dindori","Millets","Millets","17/08/2023","3500","3500","3500","2023-10-11"
"Madhya Pradesh","Dindori","Dindori","Millets","Millets","18/08/2023","4000","4000","4000","2023-10-11"
"Madhya Pradesh","Dindori","Dindori","Millets","Millets","22/08/2023","2500","4025","3250","2023-10-11"
"Madhya Pradesh","Dindori","Dindori","Millets","Millets","23/08/2023","3200","3275","3240","2023-10-11"
"Madhya Pradesh","Dindori","Dindori","Millets","Millets","24/08/2023","3450","3950","3450","2023-10-11"
"Madhya Pradesh","Dindori","Dindori","Millets","Millets","28/08/2023","3125","3950","3400","2023-10-11"
"Madhya Pradesh","Dindori","Dindori","Millets","Millets","04/09/2023","3500","4300","3500","2023-10-11"
"Madhya Pradesh","Dindori","Dindori","Millets","Millets","05/09/2023","3400","4200","4200","2023-10-11"
"Madhya Pradesh","Dindori","Dindori","Millets","Millets","06/09/2023","3300","3350","3350","2023-10-11"
"Madhya Pradesh","Dindori","Dindori","Millets","Millets","08/09/2023","3400","3400","3400","2023-10-11"
"Madhya Pradesh","Dindori","Dindori","Millets","Millets","09/09/2023","3200","3400","3400","2023-10-11"
"Madhya Pradesh","Dindori","Dindori","Millets","Millets","11/09/2023","4000","4000","4000","2023-10-11"
"Madhya Pradesh","Dindori","Dindori","Millets","Millets","12/09/2023","4100","4100","4100","2023-10-11"
"Madhya Pradesh","Dindori","Dindori","Millets","Millets","13/09/2023","3200","4125","3400","2023-10-11"
"Madhya Pradesh","Dindori","Dindori","Millets","Millets","14/09/2023","3200","3400","3400","2023-10-11"
"Madhya Pradesh","Dindori","Dindori","Millets","Millets","15/09/2023","2800","4500","3500","2023-10-11"
"Madhya Pradesh","Dindori","Dindori","Millets","Millets","16/09/2023","3000","4200","3500","2023-10-11"
"Madhya Pradesh","Dindori","Dindori","Millets","Millets","23/09/2023","3450","4200","3500","2023-10-11"
"Madhya Pradesh","Dindori","Dindori","Millets","Millets","30/09/2023","4000","4000","4000","2023-10-11"
"Madhya Pradesh","Dindori","Dindori","Millets","Millets","03/10/2023","3650","3650","3650","2023-10-11"
"Madhya Pradesh","Dindori","Dindori","Millets","Millets","04/10/2023","3250","3900","3400","2023-10-11"
"Madhya Pradesh","Dindori","Dindori","Millets","Millets","06/10/2023","2800","3800","3800","2023-10-11"
"Madhya Pradesh","Dindori","Dindori","Millets","Millets","07/10/2023","4000","4000","4000","2023-10-11"
"Madhya Pradesh","Dindori","Dindori","Millets","Millets","09/10/2023","3600","3600","3600","2023-10-11"
"Madhya Pradesh","Dindori","Dindori","Millets","Millets","10/10/2023","3400","3600","3425","2023-10-11"
"Madhya Pradesh","Jabalpur","Sihora","Millets","Millets","07/04/2023","2100","2100","2100","2023-10-11"
"Madhya Pradesh","Mandla","Bichhiya","Millets","Millets","02/01/2023","3700","3800","3750","2023-10-11"
"Madhya Pradesh","Mandla","Bichhiya","Millets","Millets","03/01/2023","3700","4000","3750","2023-10-11"
"Madhya Pradesh","Mandla","Bichhiya","Millets","Millets","05/01/2023","3700","3900","3800","2023-10-11"
"Madhya Pradesh","Mandla","Bichhiya","Millets","Millets","06/01/2023","3800","3900","3850","2023-10-11"
"Madhya Pradesh","Mandla","Bichhiya","Millets","Millets","07/01/2023","3700","3900","3800","2023-10-11"
"Madhya Pradesh","Mandla","Bichhiya","Millets","Millets","08/01/2023","3700","4100","3750","2023-10-11"
"Madhya Pradesh","Mandla","Bichhiya","Millets","Millets","09/01/2023","3800","4000","3900","2023-10-11"
"Madhya Pradesh","Mandla","Bichhiya","Millets","Millets","10/01/2023","3750","3850","3800","2023-10-11"
"Madhya Pradesh","Mandla","Bichhiya","Millets","Millets","11/01/2023","3800","3900","3850","2023-10-11"
"Madhya Pradesh","Mandla","Bichhiya","Millets","Millets","13/01/2023","3800","3900","3850","2023-10-11"
"Madhya Pradesh","Mandla","Bichhiya","Millets","Millets","14/01/2023","3950","4000","3960","2023-10-11"
"Madhya Pradesh","Mandla","Bichhiya","Millets","Millets","18/01/2023","3900","3900","3900","2023-10-11"
"Madhya Pradesh","Mandla","Bichhiya","Millets","Millets","19/01/2023","3800","3800","3800","2023-10-11"
"Madhya Pradesh","Mandla","Bichhiya","Millets","Millets","21/01/2023","3800","4000","3900","2023-10-11"
"Madhya Pradesh","Mandla","Bichhiya","Millets","Millets","22/01/2023","3900","4000","3950","2023-10-11"
"Madhya Pradesh","Mandla","Bichhiya","Millets","Millets","23/01/2023","3700","3900","3750","2023-10-11"
"Madhya Pradesh","Mandla","Bichhiya","Millets","Millets","24/01/2023","3800","3800","3800","2023-10-11"
"Madhya Pradesh","Mandla","Bichhiya","Millets","Millets","25/01/2023","3500","3800","3600","2023-10-11"
"Madhya Pradesh","Mandla","Bichhiya","Millets","Millets","27/01/2023","3800","3900","3850","2023-10-11"
"Madhya Pradesh","Mandla","Bichhiya","Millets","Millets","29/01/2023","3800","3800","3800","2023-10-11"
"Madhya Pradesh","Mandla","Bichhiya","Millets","Millets","30/01/2023","3700","3900","3750","2023-10-11"
"Madhya Pradesh","Mandla","Bichhiya","Millets","Millets","31/01/2023","3900","3910","3905","2023-10-11"
"Madhya Pradesh","Mandla","Bichhiya","Millets","Millets","01/02/2023","3800","3800","3800","2023-10-11"
"Madhya Pradesh","Mandla","Bichhiya","Millets","Millets","02/02/2023","3600","3800","3700","2023-10-11"
"Madhya Pradesh","Mandla","Bichhiya","Millets","Millets","03/02/2023","3700","3800","3750","2023-10-11"
"Madhya Pradesh","Mandla","Bichhiya","Millets","Millets","04/02/2023","3700","3850","3800","2023-10-11"
"Madhya Pradesh","Mandla","Bichhiya","Millets","Millets","09/02/2023","3800","3850","3825","2023-10-11"
"Madhya Pradesh","Mandla","Bichhiya","Millets","Millets","10/02/2023","3600","3600","3600","2023-10-11"
"Madhya Pradesh","Mandla","Bichhiya","Millets","Millets","11/02/2023","3600","3600","3600","2023-10-11"
"Madhya Pradesh","Mandla","Bichhiya","Millets","Millets","12/02/2023","3600","3600","3600","2023-10-11"
"Madhya Pradesh","Mandla","Bichhiya","Millets","Millets","13/02/2023","3400","3700","3500","2023-10-11"
"Madhya Pradesh","Mandla","Bichhiya","Millets","Millets","14/02/2023","3650","3750","3700","2023-10-11"
"Madhya Pradesh","Mandla","Bichhiya","Millets","Millets","15/02/2023","3700","3700","3700","2023-10-11"
"Madhya Pradesh","Mandla","Bichhiya","Millets","Millets","16/02/2023","3400","3800","3600","2023-10-11"
"Madhya Pradesh","Mandla","Bichhiya","Millets","Millets","17/02/2023","3700","3700","3700","2023-10-11"
"Madhya Pradesh","Mandla","Bichhiya","Millets","Millets","18/02/2023","3700","3700","3700","2023-10-11"
"Madhya Pradesh","Mandla","Bichhiya","Millets","Millets","19/02/2023","3600","3600","3600","2023-10-11"
"Madhya Pradesh","Mandla","Bichhiya","Millets","Millets","20/02/2023","3800","3900","3850","2023-10-11"
"Madhya Pradesh","Mandla","Bichhiya","Millets","Millets","21/02/2023","3800","3800","3800","2023-10-11"
"Madhya Pradesh","Mandla","Bichhiya","Millets","Millets","22/02/2023","3700","3850","3800","2023-10-11"
"Madhya Pradesh","Mandla","Bichhiya","Millets","Millets","23/02/2023","3800","3800","3800","2023-10-11"
"Madhya Pradesh","Mandla","Bichhiya","Millets","Millets","24/02/2023","3700","3800","3750","2023-10-11"
"Madhya Pradesh","Mandla","Bichhiya","Millets","Millets","25/02/2023","3800","3800","3800","2023-10-11"
"Madhya Pradesh","Mandla","Bichhiya","Millets","Millets","26/02/2023","3800","3800","3800","2023-10-11"
"Madhya Pradesh","Mandla","Bichhiya","Millets","Millets","27/02/2023","3850","3850","3850","2023-10-11"
"Madhya Pradesh","Mandla","Bichhiya","Millets","Millets","28/02/2023","3700","3800","3750","2023-10-11"
"Madhya Pradesh","Mandla","Bichhiya","Millets","Millets","01/03/2023","3700","3800","3750","2023-10-11"
"Madhya Pradesh","Mandla","Bichhiya","Millets","Millets","02/03/2023","3700","3800","3750","2023-10-11"
"Madhya Pradesh","Mandla","Bichhiya","Millets","Millets","03/03/2023","3700","3850","3800","2023-10-11"
"Madhya Pradesh","Mandla","Bichhiya","Millets","Millets","04/03/2023","3800","3825","3825","2023-10-11"
"Madhya Pradesh","Mandla","Bichhiya","Millets","Millets","11/03/2023","3700","3700","3700","2023-10-11"
"Madhya Pradesh","Mandla","Bichhiya","Millets","Millets","17/03/2023","3618","3618","3618","2023-10-11"
"Madhya Pradesh","Mandla","Bichhiya","Millets","Millets","19/03/2023","3700","3700","3700","2023-10-11"
"Madhya Pradesh","Mandla","Bichhiya","Millets","Millets","20/03/2023","3617","3815","3700","2023-10-11"
"Madhya Pradesh","Mandla","Bichhiya","Millets","Millets","21/03/2023","3400","3500","3450","2023-10-11"
"Madhya Pradesh","Mandla","Bichhiya","Millets","Millets","23/03/2023","3701","3830","3825","2023-10-11"
"Madhya Pradesh","Mandla","Bichhiya","Millets","Millets","25/03/2023","3601","3601","3601","2023-10-11"
"Madhya Pradesh","Mandla","Bichhiya","Millets","Millets","26/03/2023","3700","3700","3700","2023-10-11"
"Madhya Pradesh","Mandla","Bichhiya","Millets","Millets","29/03/2023","3850","3860","3855","2023-10-11"
"Madhya Pradesh","Mandla","Bichhiya","Millets","Millets","30/03/2023","3500","3500","3500","2023-10-11"
"Madhya Pradesh","Mandla","Bichhiya","Millets","Millets","31/03/2023","3601","3601","3601","2023-10-11"
"Madhya Pradesh","Mandla","Bichhiya","Millets","Millets","03/04/2023","3805","3805","3805","2023-10-11"
"Madhya Pradesh","Mandla","Bichhiya","Millets","Millets","04/04/2023","3710","3900","3725","2023-10-11"
"Madhya Pradesh","Mandla","Bichhiya","Millets","Millets","05/04/2023","3700","3900","3750","2023-10-11"
"Madhya Pradesh","Mandla","Bichhiya","Millets","Millets","06/04/2023","3500","3800","3700","2023-10-11"
"Madhya Pradesh","Mandla","Bichhiya","Millets","Millets","07/04/2023","3800","3900","3865","2023-10-11"
"Madhya Pradesh","Mandla","Bichhiya","Millets","Millets","08/04/2023","3910","3910","3910","2023-10-11"
"Madhya Pradesh","Mandla","Bichhiya","Millets","Millets","09/04/2023","3700","3700","3700","2023-10-11"
"Madhya Pradesh","Mandla","Bichhiya","Millets","Millets","12/04/2023","3840","4000","3845","2023-10-11"
"Madhya Pradesh","Mandla","Bichhiya","Millets","Millets","13/04/2023","3700","3700","3700","2023-10-11"
"Madhya Pradesh","Mandla","Bichhiya","Millets","Millets","16/04/2023","3600","3950","3800","2023-10-11"
"Madhya Pradesh","Mandla","Bichhiya","Millets","Millets","17/04/2023","3900","4010","4000","2023-10-11"
"Madhya Pradesh","Mandla","Bichhiya","Millets","Millets","18/04/2023","3600","4000","3700","2023-10-11"
"Madhya Pradesh","Mandla","Bichhiya","Millets","Millets","19/04/2023","3701","3701","3701","2023-10-11"
"Madhya Pradesh","Mandla","Bichhiya","Millets","Millets","20/04/2023","3900","3950","3925","2023-10-11"
"Madhya Pradesh","Mandla","Bichhiya","Millets","Millets","21/04/2023","3701","3701","3701","2023-10-11"
"Madhya Pradesh","Mandla","Bichhiya","Millets","Millets","22/04/2023","3900","3900","3900","2023-10-11"
"Madhya Pradesh","Mandla","Bichhiya","Millets","Millets","23/04/2023","3650","3701","3700","2023-10-11"
"Madhya Pradesh","Mandla","Bichhiya","Millets","Millets","26/04/2023","3700","3951","3800","2023-10-11"
"Madhya Pradesh","Mandla","Bichhiya","Millets","Millets","27/04/2023","3900","3900","3900","2023-10-11"
"Madhya Pradesh","Mandla","Bichhiya","Millets","Millets","29/04/2023","3800","3900","3850","2023-10-11"
"Madhya Pradesh","Mandla","Bichhiya","Millets","Millets","01/05/2023","3800","3900","3801","2023-10-11"
"Madhya Pradesh","Mandla","Bichhiya","Millets","Millets","02/05/2023","3600","3600","3600","2023-10-11"
"Madhya Pradesh","Mandla","Bichhiya","Millets","Millets","07/05/2023","3800","4000","3801","2023-10-11"
"Madhya Pradesh","Mandla","Bichhiya","Millets","Millets","08/05/2023","4005","4005","4005","2023-10-11"
"Madhya Pradesh","Mandla","Bichhiya","Millets","Millets","09/05/2023","3600","3600","3600","2023-10-11"
"Madhya Pradesh","Mandla","Bichhiya","Millets","Millets","11/05/2023","4001","4001","4001","2023-10-11"
"Madhya Pradesh","Mandla","Bichhiya","Millets","Millets","13/05/2023","3801","3801","3801","2023-10-11"
"Madhya Pradesh","Mandla","Bichhiya","Millets","Millets","15/05/2023","3500","3500","3500","2023-10-11"
"Madhya Pradesh","Mandla","Bichhiya","Millets","Millets","17/05/2023","3600","4000","3700","2023-10-11"
"Madhya Pradesh","Mandla","Bichhiya","Millets","Millets","18/05/2023","3900","3900","3900","2023-10-11"
"Madhya Pradesh","Mandla","Bichhiya","Millets","Millets","19/05/2023","3900","3900","3900","2023-10-11"
"Madhya Pradesh","Mandla","Bichhiya","Millets","Millets","20/05/2023","3925","3925","3925","2023-10-11"
"Madhya Pradesh","Mandla","Bichhiya","Millets","Millets","22/05/2023","3600","3950","3900","2023-10-11"
"Madhya Pradesh","Mandla","Bichhiya","Millets","Millets","24/05/2023","3205","4100","4000","2023-10-11"
"Madhya Pradesh","Mandla","Bichhiya","Millets","Millets","25/05/2023","3900","4000","3950","2023-10-11"
"Madhya Pradesh","Mandla","Bichhiya","Millets","Millets","27/05/2023","3900","3950","3910","2023-10-11"
"Madhya Pradesh","Mandla","Bichhiya","Millets","Millets","28/05/2023","3900","4000","3950","2023-10-11"
"Madhya Pradesh","Mandla","Bichhiya","Millets","Millets","29/05/2023","3900","4000","3950","2023-10-11"
"Madhya Pradesh","Mandla","Bichhiya","Millets","Millets","31/05/2023","3900","3900","3900","2023-10-11"
"Madhya Pradesh","Mandla","Bichhiya","Millets","Millets","01/06/2023","3801","3801","3801","2023-10-11"
"Madhya Pradesh","Mandla","Bichhiya","Millets","Millets","03/06/2023","3200","4100","4000","2023-10-11"
"Madhya Pradesh","Mandla","Bichhiya","Millets","Millets","05/06/2023","3800","3800","3800","2023-10-11"
"Madhya Pradesh","Mandla","Bichhiya","Millets","Millets","07/06/2023","3600","3600","3600","2023-10-11"
"Madhya Pradesh","Mandla","Bichhiya","Millets","Millets","09/06/2023","3815","3900","3825","2023-10-11"
"Madhya Pradesh","Mandla","Bichhiya","Millets","Millets","11/06/2023","3800","4000","3900","2023-10-11"
"Madhya Pradesh","Mandla","Bichhiya","Millets","Millets","12/06/2023","3900","3900","3900","2023-10-11"
"Madhya Pradesh","Mandla","Bichhiya","Millets","Millets","13/06/2023","3800","3800","3800","2023-10-11"
"Madhya Pradesh","Mandla","Bichhiya","Millets","Millets","14/06/2023","3801","3801","3801","2023-10-11"
"Madhya Pradesh","Mandla","Bichhiya","Millets","Millets","15/06/2023","3900","4000","3950","2023-10-11"
"Madhya Pradesh","Mandla","Bichhiya","Millets","Millets","17/06/2023","4000","4000","4000","2023-10-11"
"Madhya Pradesh","Mandla","Bichhiya","Millets","Millets","18/06/2023","4100","4130","4125","2023-10-11"
"Madhya Pradesh","Mandla","Bichhiya","Millets","Millets","20/06/2023","4100","4100","4100","2023-10-11"
"Madhya Pradesh","Mandla","Bichhiya","Millets","Millets","21/06/2023","4000","4200","4100","2023-10-11"
"Madhya Pradesh","Mandla","Bichhiya","Millets","Millets","22/06/2023","3800","4100","4000","2023-10-11"
"Madhya Pradesh","Mandla","Bichhiya","Millets","Millets","25/06/2023","3900","4000","3950","2023-10-11"
"Madhya Pradesh","Mandla","Bichhiya","Millets","Millets","27/06/2023","4100","4100","4100","2023-10-11"
"Madhya Pradesh","Mandla","Bichhiya","Millets","Millets","28/06/2023","4000","4000","4000","2023-10-11"
"Madhya Pradesh","Mandla","Bichhiya","Millets","Millets","29/06/2023","4000","4000","4000","2023-10-11"
"Madhya Pradesh","Mandla","Bichhiya","Millets","Millets","01/07/2023","4000","4000","4000","2023-10-11"
"Madhya Pradesh","Mandla","Bichhiya","Millets","Millets","02/07/2023","4000","4100","4050","2023-10-11"
"Madhya Pradesh","Mandla","Bichhiya","Millets","Millets","03/07/2023","4000","4000","4000","2023-10-11"
"Madhya Pradesh","Mandla","Bichhiya","Millets","Millets","05/07/2023","4000","4000","4000","2023-10-11"
"Madhya Pradesh","Mandla","Bichhiya","Millets","Millets","06/07/2023","4000","4000","4000","2023-10-11"
"Madhya Pradesh","Mandla","Bichhiya","Millets","Millets","08/07/2023","4000","4000","4000","2023-10-11"
"Madhya Pradesh","Mandla","Bichhiya","Millets","Millets","09/07/2023","4000","4200","4025","2023-10-11"
"Madhya Pradesh","Mandla","Bichhiya","Millets","Millets","11/07/2023","4000","4000","4000","2023-10-11"
"Madhya Pradesh","Mandla","Bichhiya","Millets","Millets","12/07/2023","4400","4430","4410","2023-10-11"
"Madhya Pradesh","Mandla","Bichhiya","Millets","Millets","13/07/2023","4140","4185","4175","2023-10-11"
"Madhya Pradesh","Mandla","Bichhiya","Millets","Millets","14/07/2023","4100","4100","4100","2023-10-11"
"Madhya Pradesh","Mandla","Bichhiya","Millets","Millets","15/07/2023","4000","4000","4000","2023-10-11"
"Madhya Pradesh","Mandla","Bichhiya","Millets","Millets","16/07/2023","3900","4100","3950","2023-10-11"
"Madhya Pradesh","Mandla","Bichhiya","Millets","Millets","17/07/2023","3800","3800","3800","2023-10-11"
"Madhya Pradesh","Mandla","Bichhiya","Millets","Millets","18/07/2023","4000","4000","4000","2023-10-11"
"Madhya Pradesh","Mandla","Bichhiya","Millets","Millets","19/07/2023","4000","4000","4000","2023-10-11"
"Madhya Pradesh","Mandla","Bichhiya","Millets","Millets","20/07/2023","4000","4000","4000","2023-10-11"
"Madhya Pradesh","Mandla","Bichhiya","Millets","Millets","21/07/2023","4100","4100","4100","2023-10-11"
"Madhya Pradesh","Mandla","Bichhiya","Millets","Millets","23/07/2023","4000","4100","4001","2023-10-11"
"Madhya Pradesh","Mandla","Bichhiya","Millets","Millets","24/07/2023","4000","4200","4100","2023-10-11"
"Madhya Pradesh","Mandla","Bichhiya","Millets","Millets","25/07/2023","4000","4050","4010","2023-10-11"
"Madhya Pradesh","Mandla","Bichhiya","Millets","Millets","27/07/2023","4000","4100","4050","2023-10-11"
"Madhya Pradesh","Mandla","Bichhiya","Millets","Millets","28/07/2023","3600","4200","4000","2023-10-11"
"Madhya Pradesh","Mandla","Bichhiya","Millets","Millets","30/07/2023","4000","4000","4000","2023-10-11"
"Madhya Pradesh","Mandla","Bichhiya","Millets","Millets","02/08/2023","4000","4000","4000","2023-10-11"
"Madhya Pradesh","Mandla","Bichhiya","Millets","Millets","05/08/2023","4000","4000","4000","2023-10-11"
"Madhya Pradesh","Mandla","Bichhiya","Millets","Millets","07/08/2023","3900","4100","4000","2023-10-11"
"Madhya Pradesh","Mandla","Bichhiya","Millets","Millets","08/08/2023","4200","4200","4200","2023-10-11"
"Madhya Pradesh","Mandla","Bichhiya","Millets","Millets","09/08/2023","3900","3900","3900","2023-10-11"
"Madhya Pradesh","Mandla","Bichhiya","Millets","Millets","10/08/2023","4101","4101","4101","2023-10-11"
"Madhya Pradesh","Mandla","Bichhiya","Millets","Millets","12/08/2023","4000","4000","4000","2023-10-11"
"Madhya Pradesh","Mandla","Bichhiya","Millets","Millets","13/08/2023","4000","4000","4000","2023-10-11"
"Madhya Pradesh","Mandla","Bichhiya","Millets","Millets","16/08/2023","3990","3990","3990","2023-10-11"
"Madhya Pradesh","Mandla","Bichhiya","Millets","Millets","17/08/2023","4000","4050","4010","2023-10-11"
"Madhya Pradesh","Mandla","Bichhiya","Millets","Millets","24/08/2023","3900","3900","3900","2023-10-11"
"Madhya Pradesh","Mandla","Bichhiya","Millets","Millets","25/08/2023","4000","4000","4000","2023-10-11"
"Madhya Pradesh","Mandla","Bichhiya","Millets","Millets","27/08/2023","4000","4000","4000","2023-10-11"
"Madhya Pradesh","Mandla","Bichhiya","Millets","Millets","28/08/2023","3950","3950","3950","2023-10-11"
"Madhya Pradesh","Mandla","Bichhiya","Millets","Millets","01/09/2023","3950","3950","3950","2023-10-11"
"Madhya Pradesh","Mandla","Bichhiya","Millets","Millets","02/09/2023","4001","4001","4001","2023-10-11"
"Madhya Pradesh","Mandla","Bichhiya","Millets","Millets","03/09/2023","4000","4100","4050","2023-10-11"
"Madhya Pradesh","Mandla","Bichhiya","Millets","Millets","09/09/2023","3900","3900","3900","2023-10-11"
"Madhya Pradesh","Mandla","Bichhiya","Millets","Millets","10/09/2023","4100","4100","4100","2023-10-11"
"Madhya Pradesh","Mandla","Bichhiya","Millets","Millets","11/09/2023","4001","4001","4001","2023-10-11"
"Madhya Pradesh","Mandla","Bichhiya","Millets","Millets","12/09/2023","4000","4000","4000","2023-10-11"
"Madhya Pradesh","Mandla","Bichhiya","Millets","Millets","13/09/2023","3900","4001","3950","2023-10-11"
"Madhya Pradesh","Mandla","Bichhiya","Millets","Millets","25/09/2023","3800","3800","3800","2023-10-11"
"Madhya Pradesh","Mandla","Bichhiya","Millets","Millets","03/10/2023","3800","3800","3800","2023-10-11"
"Madhya Pradesh","Mandla","Bichhiya","Millets","Millets","05/10/2023","3800","3950","3900","2023-10-11"
"Madhya Pradesh","Mandla","Bichhiya","Millets","Millets","06/10/2023","3800","3800","3800","2023-10-11"
"Madhya Pradesh","Mandla","Bichhiya","Millets","Millets","10/10/2023","3900","3900","3900","2023-10-11"
"Madhya Pradesh","Mandla","Nainpur","Millets","Other","10/01/2023","3800","3810","3810","2023-10-11"
"Madhya Pradesh","Mandla","Nainpur","Millets","Other","24/01/2023","3900","3900","3900","2023-10-11"
"Madhya Pradesh","Mandla","Nainpur","Millets","Other","25/01/2023","3800","3800","3800","2023-10-11"
"Madhya Pradesh","Mandla","Nainpur","Millets","Other","01/02/2023","3200","3225","3210","2023-10-11"
"Madhya Pradesh","Mandla","Nainpur","Millets","Other","27/02/2023","3800","3800","3800","2023-10-11"
"Madhya Pradesh","Mandla","Nainpur","Millets","Other","26/04/2023","3700","3700","3700","2023-10-11"
"Madhya Pradesh","Mandla","Nainpur","Millets","Other","23/05/2023","3800","3800","3800","2023-10-11"
"Madhya Pradesh","Mandla","Nainpur","Millets","Other","12/06/2023","3800","3800","3800","2023-10-11"
"Madhya Pradesh","Mandla","Nainpur","Millets","Other","16/06/2023","3800","3800","3800","2023-10-11"
"Madhya Pradesh","Mandla","Nainpur","Millets","Other","19/06/2023","4000","4000","4000","2023-10-11"
"Madhya Pradesh","Mandla","Nainpur","Millets","Other","20/06/2023","4000","4000","4000","2023-10-11"
"Madhya Pradesh","Mandla","Nainpur","Millets","Other","07/07/2023","4000","4050","4050","2023-10-11"
"Madhya Pradesh","Mandla","Nainpur","Millets","Other","12/07/2023","4250","4300","4300","2023-10-11"
"Madhya Pradesh","Mandla","Nainpur","Millets","Other","15/07/2023","4000","4020","4000","2023-10-11"
"Madhya Pradesh","Mandla","Nainpur","Millets","Other","11/08/2023","3500","3500","3500","2023-10-11"
"Madhya Pradesh","Mandla","Nainpur","Millets","Other","06/09/2023","4200","4240","4200","2023-10-11"
"Madhya Pradesh","Mandla","Nainpur","Millets","Other","11/09/2023","3611","3711","3711","2023-10-11"
"Madhya Pradesh","Mandla","Nainpur","Millets","Other","22/09/2023","3500","3500","3500","2023-10-11"
"Madhya Pradesh","Tikamgarh","Tikamgarh","Millets","Millets","15/03/2023","1900","1900","1900","2023-10-11"
